odbus_idx,name,city,province,lat,lon,naics,naics_descr,employees,address,match_reason,source
a7a14369ccf32d12aad0,A & H Metal Products Inc.,Kitchener,ON,43.40685,-80.46797,332999,Cutlery and hand tool manufacturing,15,172 Shoemaker St,naics:332999,StatCan ODBus (OGL)
a440377a43ec47f9a770,A-K & Lippert/Kitchener Plastics Ltd.,Kitchener,ON,43.46776,-80.47672,326130,"Laminated plastic plate, sheet (except packaging), and shape manufacturing",2,962 Guelph St,keyword:fabricat,StatCan ODBus (OGL)
cfbaf6c61ba0055db121,A.J. Braun Manufacturing Limited,Kitchener,ON,43.42684,-80.47161,332310,,35,116 Hanson Ave,naics:332310,StatCan ODBus (OGL)
6800a1f4edfe535f63c8,Advanced Sewing Machine Repairs and Service,Kitchener,ON,43.45129,-80.47938,417230,"Industrial machinery, equipment and supplies merchant wholesalers",1,46 Brubacher St,keyword:machine,StatCan ODBus (OGL)
1942b49b89da38b63bb6,AGS Machine Tool Inc.,Kitchener,ON,43.40318,-80.48124,332710,Machine shops,12,250 Mcintyre Dr,naics:332710,StatCan ODBus (OGL)
63ccee4a54e1ade7d9d6,Allcut Waterjet Service Inc.,Kitchener,ON,43.4793,-80.45965,332319,Other plate work and fabricated structural product manufacturing,1,165 Hollinger Cres,naics:332319,StatCan ODBus (OGL)
1e2da95b1d19779d68ba,Amber Steel,Kitchener,ON,43.47016,-80.47585,332999,Metal service centres,40,345 Arnold St,naics:332999,StatCan ODBus (OGL)
6de2af17cb0294bf9714,Amy Tarpaulin & Awning Ltd. & Amy Signs,Kitchener,ON,43.48109,-80.4762,339950,Sign manufacturing,9,34 Bloomingdale Rd,keyword:weld,StatCan ODBus (OGL)
b92545027705e62d2642,Answer Precision Tool,Kitchener,ON,43.40804,-80.45048,332210,Cutlery and hand tool manufacturing,40,146 Otonabee Dr,keyword:precision,StatCan ODBus (OGL)
2eb37c5f308480def0c3,AR Alloy Repair Welding,Kitchener,ON,43.37362,-80.51333,332710,Machine shops,2,1798 Trussler Rd,naics:332710,StatCan ODBus (OGL)
de446161cb6d89250814,Artal's Laser Engraving Inc.,Kitchener,ON,43.46653,-80.47877,332810,"Coating, engraving, cold and heat treating and allied activities",3,891 Guelph St,naics:332810,StatCan ODBus (OGL)
51bb25bdfddf90d9e639,Automatic Welding Machine & Supply,Kitchener,ON,43.4398,-80.46979,332710,Commercial and industrial machinery and equipment (except automotive and electronic) repair and maintenance,24,669 Charles St E,naics:332710,StatCan ODBus (OGL)
a48e7954929991ea871a,B & W Heat Treating Canada ULC,Kitchener,ON,43.40425,-80.46131,332810,"Coating, engraving, cold and heat treating and allied activities",52,60 Steckle Pl,naics:332810,StatCan ODBus (OGL)
b3cc4a2034a507769587,Ball Service Group Inc.,Kitchener,ON,43.47784,-80.42935,332319,Other plate work and fabricated structural product manufacturing,46,2365 Shirley Dr,naics:332319,StatCan ODBus (OGL)
4cb148a616e57f9ee52c,Bench Craft Leather Inc.,Kitchener,ON,43.47391,-80.43709,316990,Other leather and allied product manufacturing,30,1572 Victoria St N,keyword:tool,StatCan ODBus (OGL)
5c193c17348bd5f0265b,Big D Welding Ltd.,Kitchener,ON,43.46935,-80.45626,332310,,5,274 Shirley Ave,naics:332310,StatCan ODBus (OGL)
a0e7c9b74a7957d58a45,Bodycote Thermal Processing Canada Inc.,Kitchener,ON,43.46614,-80.46586,332810,"Coating, engraving, cold and heat treating and allied activities",20,9 Shirley Ave,naics:332810,StatCan ODBus (OGL)
dad2c07051e9e3bdeaa6,Canam Steel Products & Fabrication,Kitchener,ON,43.48118,-80.46128,332999,All other miscellaneous fabricated metal product manufacturing,1,117 Hollinger Cres,naics:332999,StatCan ODBus (OGL)
2f1be32490d364aa807c,Canaramp Corp.,Kitchener,ON,43.44009,-80.48861,332990,,14,232 Madison Ave S,naics:332990,StatCan ODBus (OGL)
4bff2bb136f6b7a199ad,Car-San Manufacturing Limited,Kitchener,ON,43.40337,-80.47826,334410,Semiconductor and other electronic component manufacturing,18,162 Mcintyre Dr,naics:334410,StatCan ODBus (OGL)
8a9ff5e34080f07d5992,Cartesian Solutions Ltd,Kitchener,ON,43.4793,-80.45965,332710,Machine shops,3,165 Hollinger Cres,naics:332710,StatCan ODBus (OGL)
e0cc8071527bc24cf737,Centreville Tool & Die Co.,Kitchener,ON,43.43173,-80.42905,332999,Cutlery and hand tool manufacturing,8,165 Fairway Rd N,naics:332999,StatCan ODBus (OGL)
0f2eab500b1a966cfc41,Communiteq Systems Inc.,Kitchener,ON,43.40315,-80.48039,334110,Computer and peripheral equipment manufacturing,8,222 Mcintyre Dr,keyword:machine,StatCan ODBus (OGL)
9edaeaf440dd32927394,Construction Machinery Co. Canada Ltd.,Kitchener,ON,43.46648,-80.46484,333120,Construction machinery manufacturing,5,41 Shirley Ave,keyword:machine,StatCan ODBus (OGL)
0ba4d048b05f481d5d97,Cooksville Steel Limited,Kitchener,ON,43.41767,-80.44538,332300,,43,80 Webster Rd,naics:332300,StatCan ODBus (OGL)
81ea3f4b971ca907981b,Core Tool Technologies,Kitchener,ON,43.40091,-80.4755,417230,"Industrial machinery, equipment and supplies merchant wholesalers",4,565 Trillium Dr,keyword:tool,StatCan ODBus (OGL)
b45b75d870da6632f0d1,Custom Foam Systems Ltd.,Kitchener,ON,43.40231,-80.46624,326150,Urethane and other foam product (except polystyrene) manufacturing,98,360 Trillium Dr,keyword:fabricat,StatCan ODBus (OGL)
763cbfbb0e5c43e4553f,Davco Tooling Inc.,Kitchener,ON,43.4047,-80.47681,332510,Hardware manufacturing,4,52 Mcintyre Pl,keyword:tool,StatCan ODBus (OGL)
75770f29559a61fa9ca1,Don Park LP,Kitchener,ON,43.41311,-80.44097,332999,"Plumbing, heating and air-conditioning equipment and supplies merchant wholesalers",15,800 Wilson Ave,naics:332999,StatCan ODBus (OGL)
0fc0fb285ce648c000c8,Double R Steel Inc,Kitchener,ON,43.42859,-80.47571,331200,,19,41 Ardelt Pl,keyword:fabricat,StatCan ODBus (OGL)
2fce3aa5e8cbb5ba96aa,Eagle Bridge Inc.,Kitchener,ON,43.46892,-80.45813,332300,,15,250 Shirley Ave,naics:332300,StatCan ODBus (OGL)
7408176579991228a87e,Eldorado Tool & Manufacturing,Kitchener,ON,43.4738,-80.44105,333519,Other metalworking machinery manufacturing,20,2053 Shirley Dr,keyword:tool,StatCan ODBus (OGL)
00a8ca7ca0e4d9a21b10,Enertech Maintenance Contractor Inc.,Kitchener,ON,43.46907,-80.48031,332990,,18,231 Arnold St,naics:332990,StatCan ODBus (OGL)
16cf8da459c40513a286,Fibertech Optica Inc.,Kitchener,ON,43.44522,-80.51901,335920,All other miscellaneous manufacturing,8,330 Gage Ave,naics:335920,StatCan ODBus (OGL)
d9a84c343d7f1ab5b1b3,FMF Store Fixtures Incorporated,Kitchener,ON,43.40606,-80.47141,332510,Hardware manufacturing,35,73 Shoemaker St,keyword:fabricat,StatCan ODBus (OGL)
e668654a6f3c7474061b,Formex Metal Industries Inc.,Kitchener,ON,43.46862,-80.4701,332720,"Turned product and screw, nut and bolt manufacturing",30,221 Riverbend Dr,naics:332720,StatCan ODBus (OGL)
d0072b7f5572fb51d056,General Air Products and Systems,Kitchener,ON,43.45812,-80.50125,333413,Industrial and commercial fan and blower and air purification equipment manufacturing,4,123 Waterloo St,keyword:metal,StatCan ODBus (OGL)
a1c07ea09c6f09db166d,Global Tooling 3000 Inc.,Kitchener,ON,43.47798,-80.46478,333220,,5,299 Bridge St E,keyword:tool,StatCan ODBus (OGL)
693e76416fc903a04f10,Globe Stamping Company Limited,Kitchener,ON,43.40105,-80.4603,332118,Stamping,25,151 Trillium Dr,naics:332118,StatCan ODBus (OGL)
4f124188cfdd614ed85f,Gruhle Manufacturing Ltd.,Kitchener,ON,43.3984,-80.45988,332710,Machine shops,29,25 Groff Pl,naics:332710,StatCan ODBus (OGL)
77e6ddf59e0d01667cf6,H & H Roofing & Sheet Metal Ltd,Kitchener,ON,43.47932,-80.43216,238160,Roofing contractors,18,35 Crestview Pl,keyword:metal,StatCan ODBus (OGL)
aeb2b3cedbbe3585d6ef,Hallman Ironworks,Kitchener,ON,43.40259,-80.46372,332329,Other ornamental and architectural metal product manufacturing,2,300 Trillium Dr,naics:332329,StatCan ODBus (OGL)
4aace09f2407cc6ba992,Harman Heavy Vehicle Specialists Ltd.,Kitchener,ON,43.47071,-80.47705,332710,Other new motor vehicle parts and accessories merchant wholesalers,40,8 Sereda Rd,naics:332710,StatCan ODBus (OGL)
543c30d1716c8f75c656,Hebel Sheet Metal Inc.,Kitchener,ON,43.47961,-80.45841,332310,,20,501 Bridge St E,naics:332310,StatCan ODBus (OGL)
846e1340bb2c88e5a4c1,K-W Triple J. Tooling Inc.,Kitchener,ON,43.40022,-80.49101,332310,,8,121 Washburn Dr,naics:332310,StatCan ODBus (OGL)
66d4fdb317cf49d0d037,KCM Waterjet,Kitchener,ON,43.41898,-80.45991,332710,All other specialty trade contractors,1,90 Balzer Rd,naics:332710,StatCan ODBus (OGL)
510fb1be782e4f02f855,Kevtron Industries Ltd.,Kitchener,ON,43.48041,-80.46005,335920,Communication and energy wire and cable manufacturing,10,139 Hollinger Cres,naics:335920,StatCan ODBus (OGL)
0d7cfc879100b4544149,Kuntz Electroplating Inc.,Kitchener,ON,43.4128,-80.44358,332810,"Coating, engraving, cold and heat treating and allied activities",550,851 Wilson Ave,naics:332810,StatCan ODBus (OGL)
56129f1bdcb5b517564b,KW Sign,Kitchener,ON,43.40606,-80.47141,339950,Sign manufacturing,26,73 Shoemaker St,keyword:metal,StatCan ODBus (OGL)
1cb7c6c4df5f3dd91cf1,"Lau Ironworks Ltd., Ed",Kitchener,ON,43.44185,-80.48945,332310,,14,115 Whitney Pl,naics:332310,StatCan ODBus (OGL)
a1a80eb3ff5b1e309ed1,Lear Canada,Kitchener,ON,43.40042,-80.44478,336360,Motor vehicle seating and interior trim manufacturing,160,530 Manitou Dr,naics:336360,StatCan ODBus (OGL)
e15b08130570b19e30e9,Lekkas Store Fixtures Ltd.,Kitchener,ON,43.43365,-80.47571,332710,Hardware manufacturing,7,525 Mill St,naics:332710,StatCan ODBus (OGL)
f2d7b96016dee0e5fec8,Leoni Elocab Ltd.,Kitchener,ON,43.39831,-80.47213,335920,Communication and energy wire and cable manufacturing,20,258 Mcbrine Dr,naics:335920,StatCan ODBus (OGL)
e5e12e96fa4efcd7c9bf,Marcon Custom Metals Inc.,Kitchener,ON,43.41687,-80.44147,332310,,65,698 Wilson Ave,naics:332310,StatCan ODBus (OGL)
24116933cc5800a407d0,MATPOL Metal Roof,Kitchener,ON,43.45152,-80.49502,,To be determined,1,305 King St W,keyword:metal,StatCan ODBus (OGL)
748140f2f4023ff51a73,Metal Supermarkets Kitchener,Kitchener,ON,43.47212,-80.43679,416210,Metal service centres,3,5 Forwell Rd,keyword:metal,StatCan ODBus (OGL)
dfe523b2c0f4c3e5c58f,Metcon Construction Ltd.,Kitchener,ON,43.46892,-80.45168,332310,,12,1244 Victoria St N,naics:332310,StatCan ODBus (OGL)
eefadeb63f137a832beb,MSD Machine Tool Inc.,Kitchener,ON,43.39982,-80.47172,332710,Cutlery and hand tool manufacturing,12,545 Trillium Dr,naics:332710,StatCan ODBus (OGL)
7082b4617fe54ec599e5,MTM Precision Inc.,Kitchener,ON,43.40016,-80.48554,332710,Machine shops,18,855 Trillium Dr,naics:332710,StatCan ODBus (OGL)
9d3cf941fde87b9891ff,National Engineered Fasteners Inc.,Kitchener,ON,43.39941,-80.48232,336300,,22,830 Trillium Dr,naics:336300,StatCan ODBus (OGL)
f8a9f49e4d7e64f1d552,NMT Machining Group Inc.,Kitchener,ON,43.40348,-80.46654,332710,Cutlery and hand tool manufacturing,60,290 Shoemaker St,naics:332710,StatCan ODBus (OGL)
079f24f9ed146ae9549c,Novatek Welding/Fabrication,Kitchener,ON,43.41616,-80.44291,332990,Material handling equipment manufacturing,10,731 Wilson Ave,naics:332990,StatCan ODBus (OGL)
07c070893ff135df0128,Oblitech Tooling System Ltd,Kitchener,ON,43.46654,-80.46657,332210,Cutlery and hand tool manufacturing,3,5 Shirley Ave,keyword:tool,StatCan ODBus (OGL)
975cfebcd845da15e769,Old Time Stove Co. Inc.,Kitchener,ON,43.47016,-80.47585,332999,Major kitchen appliance manufacturing,5,345 Arnold St,naics:332999,StatCan ODBus (OGL)
0191460d693ab1020304,Panel Shop Inc.,Kitchener,ON,43.42618,-80.4753,335315,"Switchgear and switchboard, and relay and industrial control apparatus manufacturing",40,90 Ardelt Ave,naics:335315,StatCan ODBus (OGL)
5d2ec6c7f96fb649f3bc,Plasti-Fab Ltd.,Kitchener,ON,43.47323,-80.48094,326140,Polystyrene foam product manufacturing,45,1214 Union St,keyword:fab,StatCan ODBus (OGL)
7bac3ff5636999f069bb,Premier Machine & Gear Ltd.,Kitchener,ON,43.40246,-80.47767,335315,"Switchgear and switchboard, and relay and industrial control apparatus manufacturing",9,159 Mcintyre Dr,naics:335315,StatCan ODBus (OGL)
7b8d526fd3ba3e401642,Priority Circuits Limited,Kitchener,ON,43.45175,-80.50421,334410,Semiconductor and other electronic component manufacturing,15,2 Stewart St,naics:334410,StatCan ODBus (OGL)
eec45bf30fcc39bed9bb,PWO Canada Inc.,Kitchener,ON,43.39801,-80.474,332110,,270,255 Mcbrine Dr,naics:332110,StatCan ODBus (OGL)
65a8a4755985d3e730f1,R & J Engineering Corporation,Kitchener,ON,43.42634,-80.47239,333299,,30,100 Hanson Ave,keyword:machine,StatCan ODBus (OGL)
b04be944bb609ac24803,Rapid Gear Ltd.,Kitchener,ON,43.39839,-80.46832,333610,,65,1596 Strasburg Rd,keyword:machine,StatCan ODBus (OGL)
325d05d7d04afaffc6c4,Rendnil Manufacturing Ltd.,Kitchener,ON,43.47289,-80.47989,332710,Machine shops,1,1254 Union St,naics:332710,StatCan ODBus (OGL)
9afca8977efcd7e69389,RMS Equipment Company,Kitchener,ON,43.45229,-80.51203,333220,,36,105 Glasgow St,keyword:machine,StatCan ODBus (OGL)
e03902b98ff3ad65ea07,RMW Electric,Kitchener,ON,43.47009,-80.45441,811210,Electronic and precision equipment repair and maintenance,5,350 Shirley Ave,keyword:tool,StatCan ODBus (OGL)
b64185dbc44d718e9fac,Saltech Machining Inc.,Kitchener,ON,43.40564,-80.47255,332710,Cutlery and hand tool manufacturing,2,41 Shoemaker St,naics:332710,StatCan ODBus (OGL)
b2aff4f45a1910ce3c23,Sandaka Inc.,Kitchener,ON,43.40865,-80.45063,336300,,28,130 Otonabee Dr,naics:336300,StatCan ODBus (OGL)
66d7c3dafd062a87d997,Sanet Tool Works Inc.,Kitchener,ON,43.46011,-80.48763,332118,Other metalworking machinery manufacturing,4,97 St Leger St,naics:332118,StatCan ODBus (OGL)
a19e9faada92df9778df,"Seegmiller Ltd., E & E",Kitchener,ON,43.4398,-80.46979,332710,Commercial and institutional building construction,125,669 Charles St E,naics:332710,StatCan ODBus (OGL)
ecaf4e0a8ceb839f36b0,Shaver Industries Inc.,Kitchener,ON,43.40345,-80.45939,314990,All other textile product mills,18,20 Steckle Pl,keyword:machine,StatCan ODBus (OGL)
ec0bc30b36bbc5eb9159,Shear Metal Products,Kitchener,ON,43.47942,-80.42827,238350,Finish carpentry contractors,55,2400 Shirley Dr,keyword:metal,StatCan ODBus (OGL)
403bd837a96c039b912d,Siemens Canada Limited,Kitchener,ON,43.40185,-80.48666,335300,,25,10 Washburn Dr,naics:335300,StatCan ODBus (OGL)
93db5094e5211f1dc3a4,Sigco Industries Inc.,Kitchener,ON,43.41175,-80.45007,332710,Machine shops,19,107 Manitou Dr,naics:332710,StatCan ODBus (OGL)
15e142309c456f3a7a67,Skobo's Tool Sharpening,Kitchener,ON,43.40409,-80.478,811310,Commercial and industrial machinery and equipment (except automotive and electronic) repair and maintenance,1,49 Mcintyre Pl,keyword:tool,StatCan ODBus (OGL)
48eb0df2550d21d06077,"Smallwood Inc., S.G.",Kitchener,ON,43.40872,-80.44155,334410,Other communications equipment manufacturing,30,699 Wabanaki Dr,naics:334410,StatCan ODBus (OGL)
3da07f887d556c80038b,Sowa Tool & Machine Co. Ltd.,Kitchener,ON,43.40238,-80.44678,417230,"Industrial machinery, equipment and supplies merchant wholesalers",65,500 Manitou Dr,keyword:tool,StatCan ODBus (OGL)
f3fd7031b8a3c7b7bcd1,Speer Canada Inc.,Kitchener,ON,43.46654,-80.46657,332710,All other non-metallic mineral product manufacturing,18,5 Shirley Ave,naics:332710,StatCan ODBus (OGL)
cb260bd77cf9cef1edf7,Spiro Gear,Kitchener,ON,43.4726,-80.48322,335315,"Switchgear and switchboard, and relay and industrial control apparatus manufacturing",4,465 Maple Ave,naics:335315,StatCan ODBus (OGL)
2d70d36af870fb80eecf,T & G Precision Tool & Die Inc.,Kitchener,ON,43.40564,-80.47255,332710,Machine shops,6,41 Shoemaker St,naics:332710,StatCan ODBus (OGL)
1c6dc3227e83bd0623d1,Teleflex GFI Control Systems,Kitchener,ON,43.48015,-80.46128,336310,Motor vehicle gasoline engine and engine parts manufacturing,100,100 Hollinger Cres,naics:336310,StatCan ODBus (OGL)
7dcc39cf73e365d2799a,Thomson Technical Services Inc.,Kitchener,ON,43.40648,-80.47006,811310,Commercial and industrial machinery and equipment (except automotive and electronic) repair and maintenance,5,99 Shoemaker St,keyword:weld,StatCan ODBus (OGL)
cbfcd8c03ab011fd810b,Trade-Mark Industrial Inc.,Kitchener,ON,43.47179,-80.48135,332310,,240,1197 Union St,naics:332310,StatCan ODBus (OGL)
0f406388dc871bd483e5,Tri County Welding Supplies Limited,Kitchener,ON,43.41771,-80.45294,417230,"Industrial machinery, equipment and supplies merchant wholesalers",45,17 Manitou Dr,keyword:weld,StatCan ODBus (OGL)
8501f39afeb25de4a153,Trillium Metal Stampings,Kitchener,ON,43.40461,-80.45948,332118,Stamping,50,50 Steckle Pl,naics:332118,StatCan ODBus (OGL)
d7ea2f4fadbd6aaac41c,Triple M Metal,Kitchener,ON,43.41743,-80.4576,418110,Recyclable metal merchant wholesalers,42,61 Balzer Rd,keyword:metal,StatCan ODBus (OGL)
3ebce32c4e1837f0aa7c,Triton Electronik Ontario Ltd.,Kitchener,ON,43.40062,-80.48776,334410,Semiconductor and other electronic component manufacturing,116,45 Washburn Dr,naics:334410,StatCan ODBus (OGL)
fe8de92b13d440f0a37d,Tulsar Canada Ltd.,Kitchener,ON,43.40358,-80.4863,335315,"Switchgear and switchboard, and relay and industrial control apparatus manufacturing",26,975 Bleams Rd,naics:335315,StatCan ODBus (OGL)
b9a53c073146747c79b2,VMS Tooling Inc.,Kitchener,ON,43.41029,-80.45105,332710,Machine shops,7,70 Otonabee Dr,naics:332710,StatCan ODBus (OGL)
89ec895e084e8495246b,W-D Metal Craft Inc.,Kitchener,ON,43.48074,-80.47665,332329,Other ornamental and architectural metal product manufacturing,3,47 Bridge St E,naics:332329,StatCan ODBus (OGL)
4c678d44af0a32d04724,Waterloo Engraving,Kitchener,ON,43.45485,-80.49467,332810,"Coating, engraving, cold and heat treating and allied activities",1,100 Victoria St N,naics:332810,StatCan ODBus (OGL)
b476c04de2931c3a0be7,William Radtke Sheet Metal Ltd.,Kitchener,ON,43.46601,-80.48089,332310,Hardware manufacturing,27,843 Guelph St,naics:332310,StatCan ODBus (OGL)
4cb3da7764e781dd83cb,"Wolf Machine and Precision Tool Co. Ltd., John",Kitchener,ON,43.45974,-80.45746,417230,"Industrial machinery, equipment and supplies merchant wholesalers",2,96 Elkington Dr,keyword:machine,StatCan ODBus (OGL)
cb06005c719aab290462,XL Tool Inc.,Kitchener,ON,43.479,-80.43226,332118,Stamping,48,19 Crestview Pl,naics:332118,StatCan ODBus (OGL)
faf76ba2c689148302dc,Zister's Stainless & Fabricating Inc.,Kitchener,ON,43.40229,-80.49167,332310,,3,190 Washburn Dr,naics:332310,StatCan ODBus (OGL)
e2770f22fe391330ae98,1685486 ONTARIO INC O/A FLAMBOROUGH SCRAP IRON & METAL,Hamilton,ON,,,,,,1633 Hwy 6 Flamborough On,keyword:metal,StatCan ODBus (OGL)
1ec38994de55c18b4057,AMERICAN IRON & METAL COMPANY INC,Hamilton,ON,43.2575,-79.78045,,,,75 Steel City Crt Hamilton On,keyword:metal,StatCan ODBus (OGL)
03e45a91b3682d6e5a3b,BARRY'S WELDING,Hamilton,ON,,,,,,1403 4Th Con Rd W Flamborough,keyword:weld,StatCan ODBus (OGL)
8a78170d37f3f6bafc7d,DIVISION METALS,Hamilton,ON,,,,,,140 Regional Road 20 Glanbrook On,keyword:metal,StatCan ODBus (OGL)
ed048ae9b41a9ab1257a,POSNER METALS LIMITED,Hamilton,ON,43.25556,-79.79872,,,,610 Beach Rd Hamilton On,keyword:metal,StatCan ODBus (OGL)
c5acd4ef72cfb0568625,POSNER METALS LIMITED / BEACH ROAD STEEL,Hamilton,ON,43.25083,-79.78105,,,,71 Morley St Hamilton On,keyword:metal,StatCan ODBus (OGL)
0f36539c0041249e8162,SCRAP METAL DEPOT INC,Hamilton,ON,,,,,,2089 Hwy 6 Flamborough On,keyword:metal,StatCan ODBus (OGL)
7731956958b5545f211b,SUPERIOR BOILER WORKS AND WELDING,Hamilton,ON,43.21866,-79.66878,23,,,375 Mcneilly Rd,keyword:weld,StatCan ODBus (OGL)
e8d08f436bea5380a7a1,TRIPLE M METAL CORP.,Hamilton,ON,43.25296,-79.78963,,,,1640 Brampton St Hamilton On,keyword:metal,StatCan ODBus (OGL)
73e7f8580ea0e4851bfd,TRIPLE M METAL CORP.,Hamilton,ON,43.25357,-79.78953,,,,1641 Brampton St Hamilton On,keyword:metal,StatCan ODBus (OGL)
9453661a086ba88a8e86,TRIPLE M METAL CORP.,Hamilton,ON,43.25993,-79.79014,,,,670 Strathearne Ave Hamilton On,keyword:metal,StatCan ODBus (OGL)
68d1cd629c25fdc9379c,TRIPLE M METAL CORP.,Hamilton,ON,43.26039,-79.78254,,,,799 Parkdale Ave N Hamilton On,keyword:metal,StatCan ODBus (OGL)
